mean_error,diag_var_error,offdiag_cov_error,cov_fro_error,avg_abs_corr,w1,w2,data_dim,rho,seed,method
0.5026557445526123,0.7628947496414185,0.19606813788414001,5.152055263519287,0.01865305006504059,3.7161336850376934,3.8042834121628957,20,0.2,0,WGAN
0.14329054951667786,0.0766177549958229,0.19597169756889343,3.884942054748535,0.018807655200362206,4.134523088602371,4.196484488304092,20,0.2,0,Best diagonal Gaussian
0.13915829360485077,0.038169264793395996,0.1959667205810547,3.8717358112335205,0.018182380124926567,4.178986328849126,4.241438745131867,20,0.2,0,Product marginals
