mean_error,diag_var_error,offdiag_cov_error,cov_fro_error,avg_abs_corr,w1,w2,data_dim,rho,seed,method
0.07358833402395248,0.14130011200904846,0.47767773270606995,0.7063685655593872,0.013972394168376923,0.3322880605137729,0.46612447187179634,2,0.5,0,WGAN
0.04920835420489311,0.10685425996780396,0.4911186993122101,0.7113741636276245,0.0017964690923690796,0.3589918111652268,0.48939776982185085,2,0.5,0,Best diagonal Gaussian
0.08587430417537689,0.031971871852874756,0.4689580500125885,0.665005087852478,0.020481154322624207,0.3961044673658391,0.5623019827850914,2,0.5,0,Product marginals
