mean_error,diag_var_error,offdiag_cov_error,cov_fro_error,avg_abs_corr,w1,w2,data_dim,rho,seed,method
0.041701484471559525,0.05627161264419556,0.20007392764091492,0.2957932651042938,0.0017964714206755161,0.2741973801718262,0.34655245172239557,2,0.2,0,Best diagonal Gaussian
0.0781799927353859,0.040420323610305786,0.18643467128276825,0.26986467838287354,0.011953824199736118,0.2808709088642381,0.36466964609735053,2,0.2,0,Product marginals
0.01215564738959074,0.013052403926849365,0.18800483644008636,0.2667059898376465,0.010357692837715149,0.29160587037838803,0.3919846915522892,2,0.2,0,WGAN
