mean_error,diag_var_error,offdiag_cov_error,cov_fro_error,avg_abs_corr,w1,w2,data_dim,rho,seed,method
0.06621591001749039,0.04854931682348251,0.19502650201320648,0.8848094940185547,0.020494842901825905,1.0794460699546515,1.156959546688188,5,0.2,0,Product marginals
0.053768955171108246,0.0683855265378952,0.18139930069446564,0.8392313122749329,0.014316178858280182,1.1136205233167042,1.2156030124143338,5,0.2,0,WGAN
0.10252337902784348,0.03887142986059189,0.1746947020292282,0.796802818775177,0.012889385223388672,1.1210637528398075,1.2261023394994635,5,0.2,0,Best diagonal Gaussian
