mean_error,diag_var_error,offdiag_cov_error,cov_fro_error,avg_abs_corr,w1,w2,data_dim,rho,seed,method
0.10829324275255203,0.14576025307178497,0.4599342346191406,2.0869593620300293,0.012889383360743523,1.2175702919711973,1.358139752959598,5,0.5,0,Best diagonal Gaussian
0.07215853035449982,0.18332424759864807,0.46520447731018066,2.1284048557281494,0.013059517368674278,1.249385642200526,1.4049639026968122,5,0.5,0,WGAN
0.06638545542955399,0.0677468404173851,0.4744853079319,2.1292011737823486,0.017605802044272423,1.3653783113780371,1.512684838369774,5,0.5,0,Product marginals
