data_dim,rho,method,num_seeds,w1_mean,w1_std,w2_mean,w2_std,mean_error_mean,mean_error_std,diag_var_error_mean,diag_var_error_std,offdiag_cov_error_mean,offdiag_cov_error_std,cov_fro_error_mean,cov_fro_error_std,avg_abs_corr_mean,avg_abs_corr_std
20,0.5,Best diagonal Gaussian,3,4.108030634564678,0.03963686621038738,4.263803774744779,0.05383284487466841,0.12833411991596222,0.007919190058267734,0.3101656635602315,0.010587863498930034,0.5067490140597025,0.008989857437500205,9.988911310831705,0.17906392800620155,0.01828911652167638,0.000797732771442086
20,0.5,Product marginals,3,4.461348931974773,0.048440312650584905,4.599712957616505,0.05625902667564032,0.1332455649971962,0.010212346672359655,0.039333912233511605,0.001264310281824351,0.5068723956743876,0.010016872004217272,9.900993665059408,0.19542613498787476,0.018241959313551586,0.0006560579476816136
20,0.5,WGAN,3,4.315330120494763,0.07681701794015433,4.465190597174235,0.07950588842375778,0.1979942520459493,0.032660553584835085,0.2679731796185176,0.05051885874945123,0.5076204240322113,0.01040985415862951,10.014242808024088,0.2092095042706544,0.01857180707156658,0.0007100380372708273
20,0.8,Best diagonal Gaussian,3,3.886150280387705,0.09725156815328265,4.2605132282535045,0.08846010182597366,0.09910710404316585,0.005822267972155176,0.6235698660214742,0.013265962933070734,0.8178783059120178,0.013546503559657128,16.18900775909424,0.2699367269688556,0.01828911465903123,0.0007977302100066343
20,0.8,Product marginals,3,4.746170590806501,0.0511247962737027,4.969371425058189,0.05657671884394496,0.11649421602487564,0.0034094909188216956,0.03749841824173927,0.0013630518048198877,0.8173640767733256,0.014320688566175374,15.942880312601725,0.27855036545599904,0.017511400083700817,0.00025778034400151167
20,0.8,WGAN,3,4.0329784552494745,0.07853050626270125,4.416537166592612,0.08749900641745623,0.5364786287148794,0.36132934486890567,0.6159251928329468,0.03360327617074125,0.8182474772135416,0.014327274682414817,16.22040303548177,0.29616437769417553,0.018656835580865543,0.0013037465224115896
