mean_error,diag_var_error,offdiag_cov_error,cov_fro_error,avg_abs_corr,w1,w2,data_dim,rho,seed,method
0.10593782365322113,0.6110691428184509,0.8064165711402893,15.959761619567871,0.018807657063007355,3.7501472701170195,4.13543506951508,20,0.8,0,Best diagonal Gaussian
0.19013118743896484,0.579359233379364,0.8057215809822083,15.955009460449219,0.019559482112526894,3.950297181874214,4.313599267971013,20,0.8,0,WGAN
0.11448650807142258,0.037887465208768845,0.8056247234344482,15.714146614074707,0.017800355330109596,4.677737719049832,4.8901347384176495,20,0.8,0,Product marginals
