data_dim,rho,seed,product_minus_diag_w1,product_minus_diag_w2,wgan_minus_diag_w1,wgan_minus_diag_w2
20,0.5,0,0.3543563777176004,0.32006077870963257,0.2001324455492437,0.18460045145260295
20,0.5,1,0.34205374461120464,0.33509484917018817,0.16511909765087207,0.17169797466465742
20,0.5,2,0.36354476990147866,0.35257192073536014,0.2566469145901378,0.24786204117111144
20,0.8,0,0.9275904489328122,0.7546996689025693,0.20014991175719432,0.17816419845593323
20,0.8,1,0.8237535445507143,0.6784089271579772,0.07367880233693613,0.08757316436316742
20,0.8,2,0.8287169377728616,0.6934659943535078,0.16665581049117817,0.20233445219822066
