mean_error,var_error,cov_12,corr,w1,w2,method,seed
0.1000136137008667,0.007787913084030151,-0.008224068209528923,-0.008206488564610481,0.1618750289940907,0.19877013588380382,Best diagonal Gaussian,0
0.08999305963516235,0.040539443492889404,-0.027698030695319176,-0.029049454256892204,0.16269201549881318,0.21033032217390504,WGAN,0
0.058312367647886276,0.01638054847717285,-0.0009954174747690558,-0.0009838556870818138,0.16866422916861967,0.21347475737827337,Product marginals,0
