mean_error,diag_var_error,offdiag_cov_error,cov_fro_error,avg_abs_corr,w1,w2,data_dim,rho,seed,method
0.11229297518730164,0.2455294132232666,0.49204254150390625,4.738259792327881,0.017612800002098083,2.448719524641923,2.61348318147248,10,0.5,0,Best diagonal Gaussian
0.10868227481842041,0.19525554776191711,0.49033206701278687,4.713789939880371,0.016716046258807182,2.503293983274333,2.6762726258931337,10,0.5,0,WGAN
0.10751430690288544,0.03794797509908676,0.49382051825523376,4.694295883178711,0.018015634268522263,2.596717713366547,2.730943085327103,10,0.5,0,Product marginals
