mean_error,var_error,cov_12,corr,w1,w2,method,seed
0.04292003810405731,0.21529540419578552,0.008050298318266869,0.01031853910535574,0.19680413488934564,0.26350118598899513,WGAN,0
0.1000136137008667,0.007787913084030151,-0.008224068209528923,-0.008206488564610481,0.1987430176679745,0.24820531184920033,Best diagonal Gaussian,0
0.058312367647886276,0.01638054847717285,-0.0009954174747690558,-0.0009838556870818138,0.20131818119958986,0.2530514962899928,Product marginals,0
