mean_error,var_error,cov_12,corr,w1,w2,method,seed
0.1000136137008667,0.007787913084030151,-0.008224068209528923,-0.008206488564610481,0.1618750289940907,0.19877013588380382,Best diagonal Gaussian,0
0.09530322253704071,0.061081916093826294,-0.03014787659049034,-0.030362380668520927,0.16284077581159065,0.20932567197987906,WGAN,0
0.058312367647886276,0.01638054847717285,-0.0009954174747690558,-0.0009838556870818138,0.16866422916861967,0.21347475737827337,Product marginals,0
