rho,num_seeds,theoretical_diag_var,diag_var_1_mean,diag_var_1_std,diag_var_2_mean,diag_var_2_std,diag_var_mean_mean,diag_var_mean_std,gaussian_w2_mean,gaussian_w2_std
0.0,3,1.0,0.9940861662228903,0.01165396933855008,1.0067224105199177,0.010168125756190386,1.0004042784372966,0.010830311218435744,0.002484321441264093,0.0013390922091993257
0.2,3,0.9898979485566356,0.9840004245440165,0.01193112124857312,0.9964297215143839,0.008944329705995183,0.9902150630950928,0.010347509945328435,0.14159491547567749,0.0018408970466831506
0.4,3,0.9582575694955839,0.9525043964385986,0.01195651856364281,0.9639357328414917,0.0076467729835396035,0.9582200646400452,0.009711863081341776,0.28753278512474045,0.0007321080686157306
0.6,3,0.9,0.8945492108662924,0.011670210376667395,0.9041137099266052,0.006344036102085004,0.8993314703305563,0.008932937871519888,0.444999460467644,0.000706088220869991
0.8,3,0.7999999999999999,0.7950987815856934,0.010895185796905415,0.8017130295435587,0.005107546043503922,0.7984059055646261,0.007961533022961044,0.6295492248965103,0.0023871446481130436
