rho,num_seeds,theoretical_diag_var,diag_var_1_mean,diag_var_1_std,diag_var_2_mean,diag_var_2_std,diag_var_mean_mean,diag_var_mean_std,gaussian_w2_mean,gaussian_w2_std
0.0,20,1.0,1.000425213575363,0.020291022597346834,0.9916886061429977,0.01679372049319686,0.9960569113492965,0.01353699705469498,0.0051785600517577825,0.0048906829709828075
0.2,20,0.9898979485566356,0.9903307855129242,0.020249113006237846,0.9818383783102036,0.017049629644290132,0.98608458340168,0.013490083369639437,0.1424423537124247,0.006919278148876624
0.4,20,0.9582575694955839,0.9586848080158233,0.019811999776181446,0.9509712189435959,0.016763301418843364,0.9548280149698257,0.013313662827706683,0.2895424471813833,0.007111008741172824
0.6,20,0.9,0.9004128456115723,0.0188961867350484,0.894054752588272,0.015834216740124304,0.8972337990999222,0.01296874463438519,0.44805467022802564,0.007715662966549346
0.8,20,0.7999999999999999,0.8003825068473815,0.017223734095409903,0.7960948646068573,0.014174507788991889,0.7982386857271194,0.012358165462317385,0.6333833934740973,0.008690147844740058
