rho,num_seeds,product_minus_diag_w1_mean,product_minus_diag_w1_std,product_minus_diag_w2_mean,product_minus_diag_w2_std,wgan_minus_diag_w1_mean,wgan_minus_diag_w1_std,wgan_minus_diag_w2_mean,wgan_minus_diag_w2_std
0.0,50,0.005934419906393613,0.024630894091826408,0.005061564918513955,0.026054988061870673,0.021176652239658176,0.03411288878266872,0.02168772094713451,0.03604060897194958
0.2,50,0.006405295261751307,0.02546304993745269,0.008411221628668593,0.030719100372913182,0.005556953429097613,0.028799120611239033,0.006035618842520178,0.03455813126131545
0.4,50,0.0003293168708667787,0.032092505066971214,0.0035941156979594404,0.03691506786505423,0.0015278805922020744,0.03143409826262807,0.004867375954342925,0.036145888253191365
0.6,50,0.009025094382625342,0.03550433472129771,0.008806818191941776,0.03820325542307023,0.008001588864523157,0.03720937803888369,0.008948528153618802,0.04143422743147618
0.8,50,0.018449103790333873,0.03142533896618365,0.019784148032791077,0.037916457997117375,0.006439634380380672,0.032387791658488395,0.008438448910112932,0.04007706074254164
