rho,num_seeds,product_minus_diag_w1_mean,product_minus_diag_w1_std,product_minus_diag_w2_mean,product_minus_diag_w2_std,wgan_minus_diag_w1_mean,wgan_minus_diag_w1_std,wgan_minus_diag_w2_mean,wgan_minus_diag_w2_std
0.0,3,0.018302244480403324,0.018432861861123476,0.021796638913277766,0.018455335798355704,0.0972756745455526,0.00984829275841783,0.10036718268278459,0.012476913177656078
0.2,3,0.03070145118607795,0.0367061469407338,0.04463652214128696,0.041837055285237026,0.057508743324121765,0.06538890729348992,0.07286287597389364,0.061221524350567165
0.4,3,-0.012046433162346317,0.01109337462494444,-0.017307105154698504,0.020921393987182173,0.01750980065335413,0.05741556892904546,0.02598334957312239,0.05808384690057616
0.6,3,0.056261088180018515,0.012830467463881605,0.057211669933869946,0.015185517017447674,0.03905217709424075,0.0423494524383977,0.049541480781963354,0.05774976911190091
0.8,3,0.011677094731505614,0.03657240355039134,-0.004281323363756047,0.03412670594624722,0.011812530889296735,0.052916656532329326,-0.0029715258922250465,0.05058992477262573
