rho,seed,diag_var_1,diag_var_2,diag_var_mean,gaussian_w2,theoretical_diag_var
0.0,0,0.7941666841506958,0.9751614928245544,0.8846640586853027,0.08584119453381166,1.0
