rho,seed,product_minus_diag_w1,product_minus_diag_w2,wgan_minus_diag_w1,wgan_minus_diag_w2
0.0,0,-0.09582214614706075,-0.08480015138393882,0.5994692718326973,0.6692127822649504
