rho,seed,wgan_var_1,wgan_var_2,wgan_var_mean,theoretical_diag_var
0.0,0,8.59475476318039e-05,0.0011200980516150594,0.0006030227996234316,1.0
