mean_error,var_error,cov_12,corr,w1,w2,method,seed
0.028045425191521645,0.002497851848602295,-0.018176613375544548,-0.01821935549378395,0.1433273313709047,0.185976224788947,WGAN,0
0.1000136137008667,0.007787913084030151,-0.008224068209528923,-0.008206488564610481,0.1618750289940907,0.19877013588380382,Best diagonal Gaussian,0
0.058312367647886276,0.01638054847717285,-0.0009954174747690558,-0.0009838556870818138,0.16866422916861967,0.21347475737827337,Product marginals,0
