mean_error,diag_var_error,offdiag_cov_error,cov_fro_error,avg_abs_corr,w1,w2,data_dim,rho,seed,method
0.10835003107786179,0.7954533696174622,0.7895649671554565,7.902700424194336,0.017213981598615646,2.2309879309872915,2.5745461298488146,10,0.8,0,WGAN
0.10010694712400436,0.521399974822998,0.7898746728897095,7.674271583557129,0.017612800002098083,2.3234979682474792,2.5544225952949957,10,0.8,0,Best diagonal Gaussian
0.10478683561086655,0.03792024776339531,0.7896906733512878,7.496798992156982,0.019289711490273476,2.859354310965289,3.020262720267336,10,0.8,0,Product marginals
