mean_error,diag_var_error,offdiag_cov_error,cov_fro_error,avg_abs_corr,w1,w2,data_dim,rho,seed,method
0.16868343949317932,0.44894295930862427,0.49162834882736206,4.8824591636657715,0.016424179077148438,2.340068708354181,2.536814011907571,10,0.5,0,WGAN
0.11229297518730164,0.2455294132232666,0.49204254150390625,4.738259792327881,0.017612800002098083,2.448719524641923,2.61348318147248,10,0.5,0,Best diagonal Gaussian
0.10751430690288544,0.03794797509908676,0.49382051825523376,4.694295883178711,0.018015634268522263,2.596717713366547,2.730943085327103,10,0.5,0,Product marginals
