mean_error,diag_var_error,offdiag_cov_error,cov_fro_error,avg_abs_corr,w1,w2,data_dim,rho,seed,method
0.0713304877281189,0.7569591999053955,0.8063889145851135,16.082992553710938,0.018836889415979385,3.5844769824766893,4.040968436744775,20,0.8,0,WGAN
0.10593782365322113,0.6110691428184509,0.8064165711402893,15.959761619567871,0.018807657063007355,3.7501472701170195,4.13543506951508,20,0.8,0,Best diagonal Gaussian
0.11448650807142258,0.037887465208768845,0.8056247234344482,15.714146614074707,0.017800355330109596,4.677737719049832,4.8901347384176495,20,0.8,0,Product marginals
