mean_error,diag_var_error,offdiag_cov_error,cov_fro_error,avg_abs_corr,w1,w2,data_dim,rho,seed,method
0.30720722675323486,0.4995499551296234,0.49521490931510925,9.920858383178711,0.018177175894379616,3.8984262726588423,4.102805026877024,20,0.5,0,WGAN
0.12028327584266663,0.2952030301094055,0.4948617219924927,9.75108814239502,0.018807662650942802,4.113576623160986,4.300540995255569,20,0.5,0,Best diagonal Gaussian
0.13134007155895233,0.03763607144355774,0.49414294958114624,9.651741027832031,0.01779787428677082,4.4679330008785865,4.620601773965202,20,0.5,0,Product marginals
