method,num_seeds,w1_mean,w1_std,w2_mean,w2_std,mean_error_mean,mean_error_std,var_error_mean,var_error_std,corr_mean,corr_std
Best diagonal Gaussian,3,0.5289817786904529,0.013565070343553063,0.6687443576167363,0.011688288931387014,0.0892478624979655,0.03214973115802797,0.21978836258252463,0.04719065515566178,-0.0028335251457368336,0.004030893121078365
WGAN,3,0.5349377120581952,0.010035159719929607,0.6638891963100009,0.007556223707743979,0.06139430527885755,0.03188996043863027,0.2091200351715088,0.019057713140457528,-0.0006110338338961204,0.006154814642997985
Product marginals,3,0.5605612646666739,0.014584991249285433,0.70305603130387,0.019359596015078712,0.057983861615260444,0.01664965411154637,0.027904947598775227,0.02153246132195471,-0.007014618332808216,0.01614102398101315
