method,num_seeds,w1_mean,w1_std,w2_mean,w2_std,mean_error_mean,mean_error_std,var_error_mean,var_error_std,corr_mean,corr_std
Best diagonal Gaussian,100,0.5310079678790779,0.03080511800491425,0.6635572659658976,0.03517494285973732,0.03794134251307696,0.020446357785741307,0.2008273234963417,0.03591086770503734,-0.0006816788093419745,0.023917619808931385
WGAN,100,0.5418663010537748,0.03729160512784066,0.6782512274391389,0.04409045570785233,0.07392611166462303,0.04664934298813299,0.23597783327102662,0.06591379174883222,0.00014270162570028332,0.02525785711380021
Product marginals,100,0.5502455056455388,0.029433483078918767,0.6869004415518577,0.03495117864349701,0.04206315172836184,0.02375053342946504,0.03904997915029526,0.02036959634752036,0.0005248858177219518,0.01935036940374339
