mean_error,var_error,cov_12,corr,w1,w2,method,seed
0.023156125098466873,0.19679859280586243,0.0023664701730012894,0.0030198085587471724,0.5224784998451703,0.6661044698266493,WGAN,0
0.10892066359519958,0.18205943703651428,-0.006565483752638102,-0.008206487633287907,0.5403719120155,0.683538905843766,Best diagonal Gaussian,0
0.05950349196791649,0.019862383604049683,-0.002003956353291869,-0.0019994296599179506,0.5485712550275075,0.7040725097451198,Product marginals,0
0.04391296207904816,0.286327064037323,-0.0013689601328223944,-0.001796469441615045,0.5099182660723759,0.6549623239710272,Best diagonal Gaussian,1
0.05980505049228668,0.2360396385192871,-0.007536124903708696,-0.009277393110096455,0.5470522709410564,0.6718349676125692,WGAN,1
0.036874979734420776,0.057361602783203125,-0.028547871857881546,-0.028807826340198517,0.5810911484417944,0.7262420111141487,Product marginals,1
0.10122174024581909,0.19452187418937683,0.0034519617911428213,0.004424483049660921,0.535282365388359,0.653728151490784,WGAN,2
0.11490996181964874,0.19097858667373657,0.0011813048040494323,0.0015023816376924515,0.5366551579834826,0.6677318430354157,Best diagonal Gaussian,2
0.07757311314344406,0.006490856409072876,0.009562008082866669,0.009763401001691818,0.5520213905307199,0.6788535730523415,Product marginals,2
