mean_error,var_error,cov_12,corr,w1,w2,method,seed
0.10892066359519958,0.18205943703651428,-0.006565483752638102,-0.008206487633287907,0.5403719120155,0.683538905843766,Best diagonal Gaussian,0
0.023681765422225,0.2057582139968872,-0.03154519200325012,-0.04068916663527489,0.5428577054050686,0.6878517276996591,WGAN,0
0.05950349196791649,0.019862383604049683,-0.002003956353291869,-0.0019994296599179506,0.5485712550275075,0.7040725097451198,Product marginals,0
