mean_error,diag_var_error,offdiag_cov_error,cov_fro_error,avg_abs_corr,w1,w2,data_dim,rho,seed,method
0.2623443603515625,0.7717053890228271,0.19691766798496246,3.0982632637023926,0.016395328566432,2.273418016267702,2.3991941848005824,10,0.2,0,WGAN
0.12203669548034668,0.06868388503789902,0.19709846377372742,1.9069427251815796,0.017612798139452934,2.3200478345188005,2.4138964329793025,10,0.2,0,Best diagonal Gaussian
0.11259429901838303,0.041257429867982864,0.19899336993694305,1.917470097541809,0.017621709033846855,2.414840945221268,2.498819683714125,10,0.2,0,Product marginals
