mean_error,diag_var_error,offdiag_cov_error,cov_fro_error,avg_abs_corr,w1,w2,data_dim,rho,seed,method
0.08914027363061905,0.022683322429656982,0.7517575621604919,1.0641014575958252,0.02816222794353962,0.528502866558834,0.648838619221091,2,0.8,0,Product marginals
0.05800098180770874,0.22491353750228882,0.7814143300056458,1.150084137916565,0.0017964699072763324,0.5796454905166478,0.722142971576533,2,0.8,0,Best diagonal Gaussian
0.014656956307590008,0.6562635898590088,0.7745697498321533,1.4627280235290527,0.021846730262041092,0.6962207194716679,0.8733726209816591,2,0.8,0,WGAN
