mean_error,diag_var_error,offdiag_cov_error,cov_fro_error,avg_abs_corr,w1,w2,data_dim,rho,seed,method
0.041701484471559525,0.05627161264419556,0.20007392764091492,0.2957932651042938,0.0017964714206755161,0.2741973801718262,0.34655245172239557,2,0.2,0,Best diagonal Gaussian
0.0781799927353859,0.040420323610305786,0.18643467128276825,0.26986467838287354,0.011953824199736118,0.2808709088642381,0.36466964609735053,2,0.2,0,Product marginals
0.1277254819869995,0.6060677766799927,0.19577540457248688,0.9445210099220276,0.008209182880818844,0.5231875086344046,0.6447481808398128,2,0.2,0,WGAN
