mean_error,diag_var_error,offdiag_cov_error,cov_fro_error,avg_abs_corr,w1,w2,data_dim,rho,seed,method
0.10829324275255203,0.14576025307178497,0.4599342346191406,2.0869593620300293,0.012889383360743523,1.2175702919711973,1.358139752959598,5,0.5,0,Best diagonal Gaussian
0.12224487960338593,0.7027493715286255,0.46265941858291626,2.6026909351348877,0.012989131733775139,1.3092828748320047,1.5081319556280228,5,0.5,0,WGAN
0.06638545542955399,0.0677468404173851,0.4744853079319,2.1292011737823486,0.017605802044272423,1.3653783113780371,1.512684838369774,5,0.5,0,Product marginals
