mean_error,diag_var_error,offdiag_cov_error,cov_fro_error,avg_abs_corr,w1,w2,data_dim,rho,seed,method
0.06621591001749039,0.04854931682348251,0.19502650201320648,0.8848094940185547,0.020494842901825905,1.0794460699546515,1.156959546688188,5,0.2,0,Product marginals
0.10252337902784348,0.03887142986059189,0.1746947020292282,0.796802818775177,0.012889385223388672,1.1210637528398075,1.2261023394994635,5,0.2,0,Best diagonal Gaussian
0.16827234625816345,0.698991596698761,0.17779770493507385,1.761578917503357,0.015681123360991478,1.2855571877552698,1.401028149078337,5,0.2,0,WGAN
