mean_error,diag_var_error,offdiag_cov_error,cov_fro_error,avg_abs_corr,w1,w2,data_dim,rho,seed,method
0.09218695014715195,0.37228554487228394,0.7491469383239746,3.4537200927734375,0.012889382429420948,1.3203915454979307,1.498615259074297,5,0.8,0,Best diagonal Gaussian
0.16038645803928375,0.7015239000320435,0.7508237957954407,3.70873761177063,0.011723476462066174,1.332853444419728,1.5698045446070925,5,0.8,0,WGAN
0.04593954607844353,0.07182077318429947,0.7582074999809265,3.3961703777313232,0.019523972645401955,1.6005796762018076,1.764455494585681,5,0.8,0,Product marginals
